Gene,Correlation,Absolute_Correlation,Correlation_Rank,RF_Importance,RF_Rank,SHAP_Importance,SHAP_Rank,Consensus_Rank,Overall_Rank
SH3TC2,-0.37258869328325966,0.37258869328325966,1.0,0.024674020178833207,3.0,0.007902907,6.0,3.3333333333333335,1
ETV4,-0.34204256174982667,0.34204256174982667,3.0,0.011930517257792438,4.0,0.008659782,5.0,4.0,2
CLSTN2,0.31894318889126044,0.31894318889126044,12.0,0.05426814366393144,2.0,0.01552801,1.0,5.0,3
ITGA6,-0.3050536235317959,0.3050536235317959,20.0,0.05979861540576507,1.0,0.011293903,2.0,7.666666666666667,4
RASL10B,0.30278646448789326,0.30278646448789326,23.0,0.007022454486528178,10.0,0.009289702,4.0,12.333333333333334,5
LYSMD1,0.32201165765357703,0.32201165765357703,10.0,0.006827015439712704,11.0,0.0024526473,36.0,19.0,6
UCHL1,0.32323042322060064,0.32323042322060064,9.0,0.003910409347431742,30.0,0.0022599986,40.0,26.333333333333332,7
PTOV1,0.3242964889902651,0.3242964889902651,8.0,0.005248041163342294,19.0,0.0018029901,55.0,27.333333333333332,8
SYNC,0.3080070046511077,0.3080070046511077,15.0,0.005451034076497961,18.0,0.0019441635,52.0,28.333333333333332,9
MED29,0.2839967149994467,0.2839967149994467,68.0,0.01016131559907823,5.0,0.0041971765,14.0,29.0,10
UBFD1,0.2902418072513144,0.2902418072513144,60.0,0.007040834730533549,9.0,0.0033019641,21.0,30.0,11
ANKRD13C,0.29829961624692514,0.29829961624692514,30.0,0.002914557968423751,60.0,0.006339309,8.0,32.666666666666664,12
ZNF730,0.3052238921834884,0.3052238921834884,19.0,0.004449878917008492,25.0,0.0015971807,69.0,37.666666666666664,13
ZNF248,0.3322063266672957,0.3322063266672957,6.0,0.005844408765279364,16.0,0.0013488536,92.0,38.0,14
TIGD7,0.3507770167588398,0.3507770167588398,2.0,0.008515984549259404,6.0,0.0011875978,109.0,39.0,15
DUSP6,-0.2830704771672681,0.2830704771672681,70.0,0.006406572454829019,14.0,0.0022919967,38.0,40.666666666666664,16
TMEM25,0.28232226243282205,0.28232226243282205,72.0,0.004494721606075514,24.0,0.002530014,34.0,43.333333333333336,17
DNAH10OS,0.2741260270536454,0.2741260270536454,98.0,0.0058125394977838465,17.0,0.0033411593,20.0,45.0,18
CASTOR2,0.29238169895097055,0.29238169895097055,57.0,0.002942898910798303,59.0,0.0032525272,22.0,46.0,19
GADD45G,0.27061391109746485,0.27061391109746485,122.0,0.00651382851884362,13.0,0.0042546904,13.0,49.333333333333336,20
FECH,0.286744523564022,0.286744523564022,65.0,0.0032395203500683646,43.0,0.002224423,42.0,50.0,21
CCDC127,0.28277636767447895,0.28277636767447895,71.0,0.00489997990862421,21.0,0.0016697235,64.0,52.0,22
CAND2,0.3094554064915626,0.3094554064915626,14.0,0.003491274029123987,39.0,0.0012132092,105.0,52.666666666666664,23
ARNT,0.31199475953404177,0.31199475953404177,13.0,0.0035096717188750006,37.0,0.0010619365,129.0,59.666666666666664,24
GKAP1,0.3336550406539602,0.3336550406539602,5.0,0.0025306049629076365,86.0,0.0012716422,98.0,63.0,25
ZNF347,0.26878359707752264,0.26878359707752264,131.0,0.003667112130115579,36.0,0.0032200909,23.0,63.333333333333336,26
ARHGAP44,0.2664918885653438,0.2664918885653438,142.0,0.0039006396350603494,31.0,0.0034636226,18.0,63.666666666666664,27
FANCC,0.28922280405165707,0.28922280405165707,61.0,0.0028606469954048017,66.0,0.0016437441,67.0,64.66666666666667,28
PTPRH,-0.27289117239665756,0.27289117239665756,108.0,0.004048572112263063,28.0,0.0015624096,73.0,69.66666666666667,29
EML1,0.30436137197156443,0.30436137197156443,21.0,0.003042067567308958,50.0,0.00082754676,156.0,75.66666666666667,30
REEP1,0.28712617228849857,0.28712617228849857,64.0,0.0029020914668185295,63.0,0.0011492617,113.0,80.0,31
DNAJB4,0.26007146814271787,0.26007146814271787,186.0,0.005116985111503161,20.0,0.002432154,37.0,81.0,32
PHLDA1,-0.25934805741927214,0.25934805741927214,193.0,0.0045908730437063195,23.0,0.0027070846,29.0,81.66666666666667,33
NXPE3,0.26956541339520657,0.26956541339520657,128.0,0.0024856397728071837,88.0,0.0025839347,33.0,83.0,34
GPR156,0.2545409931144217,0.2545409931144217,228.0,0.0062447738011766575,15.0,0.0046971138,12.0,85.0,35
PLEKHG4B,0.2771008826367318,0.2771008826367318,89.0,0.004103726859406103,26.0,0.00091348495,141.0,85.33333333333333,36
DIP2C,0.2531017256817544,0.2531017256817544,244.0,0.007354900341230626,7.0,0.0076807705,7.0,86.0,37
RHBDL3,0.29841184154113676,0.29841184154113676,29.0,0.0024266096633336915,97.0,0.0010276015,133.0,86.33333333333333,38
CCDC117,0.27052984859151835,0.27052984859151835,123.0,0.0030191450946098217,53.0,0.0012161677,104.0,93.33333333333333,39
ZNF680,0.28390874927987886,0.28390874927987886,69.0,0.0020009918696468195,136.0,0.0015359313,76.0,93.66666666666667,40
ZNF736,0.2993278038870141,0.2993278038870141,28.0,0.002431454892787113,95.0,0.0008178149,160.0,94.33333333333333,41
ZFP3,0.2543627367642487,0.2543627367642487,233.0,0.003178111143429149,44.0,0.0057516876,9.0,95.33333333333333,42
SPRY4,-0.25051228083902083,0.25051228083902083,271.0,0.007341706507399904,8.0,0.0050375448,11.0,96.66666666666667,43
SLC37A2,-0.2935835151826142,0.2935835151826142,48.0,0.002064061177611681,126.0,0.0011354358,116.0,96.66666666666667,44
RAB33B,0.30424497769183834,0.30424497769183834,22.0,0.0016414795084353797,189.0,0.0014453518,85.0,98.66666666666667,45
GPR173,0.2941789138019599,0.2941789138019599,46.0,0.002634293495905645,77.0,0.00076652144,175.0,99.33333333333333,46
HMGA1,-0.2776638306591755,0.2776638306591755,85.0,0.0019813661541254446,139.0,0.0015086937,77.0,100.33333333333333,47
ZNF93,0.26010167726256567,0.26010167726256567,185.0,0.003754629203829707,34.0,0.001430878,86.0,101.66666666666667,48
ZNF48,0.3199951970031026,0.3199951970031026,11.0,0.0019500495978385525,144.0,0.00084245706,154.0,103.0,49
ANXA2R,0.24829543878459798,0.24829543878459798,297.0,0.006766700081264597,12.0,0.009909263,3.0,104.0,50
ERCC4,0.2699189421880729,0.2699189421880729,126.0,0.0026849278482077668,73.0,0.0011443567,114.0,104.33333333333333,51
FXYD5,-0.27425175834120324,0.27425175834120324,96.0,0.0021500286309157845,114.0,0.0012035443,107.0,105.66666666666667,52
FAM110B,0.2640167294301586,0.2640167294301586,156.0,0.0031001942900300244,45.0,0.0011332316,117.0,106.0,53
FOSL1,-0.26538104459440304,0.26538104459440304,145.0,0.0033380037201983306,40.0,0.0009783156,135.0,106.66666666666667,54
MBP,-0.2737864336947089,0.2737864336947089,102.0,0.0029689075702561156,55.0,0.0007886538,165.0,107.33333333333333,55
BBOF1,0.26609850089988146,0.26609850089988146,143.0,0.0030218578533490444,52.0,0.001047625,131.0,108.66666666666667,56
LHX2,0.2611116678807767,0.2611116678807767,173.0,0.0020667995297964066,125.0,0.0026218304,32.0,110.0,57
FMN1,-0.25646719149713054,0.25646719149713054,213.0,0.002723840422413771,71.0,0.0020673743,46.0,110.0,58
SNAP47,0.272349814488191,0.272349814488191,109.0,0.002426662834828692,96.0,0.0010247588,134.0,113.0,59
ANKS3,0.25623395026711693,0.25623395026711693,216.0,0.0033303894040049614,41.0,0.0014796285,82.0,113.0,60
GEMIN2,0.2507452614373998,0.2507452614373998,267.0,0.0030452453880753807,49.0,0.0030884354,26.0,114.0,61
ZNF135,0.2925990041500943,0.2925990041500943,55.0,0.0014984274928979936,213.0,0.0015398451,75.0,114.33333333333333,62
DLG2,0.2514010904677975,0.2514010904677975,261.0,0.003889838661997381,33.0,0.0019724297,50.0,114.66666666666667,63
DNAAF8,0.29459125882926973,0.29459125882926973,45.0,0.002908596056175698,62.0,0.0005441484,237.0,114.66666666666667,64
IFT122,0.27308449650974104,0.27308449650974104,107.0,0.0020477640698192716,129.0,0.0011542266,111.0,115.66666666666667,65
CMTM7,-0.263486829116341,0.263486829116341,161.0,0.0025795988809143877,83.0,0.0012126808,106.0,116.66666666666667,66
CPE,0.282261720840007,0.282261720840007,73.0,0.0023935455461380185,100.0,0.0007424244,184.0,119.0,67
GDF15,-0.251314926512086,0.251314926512086,262.0,0.0029651466661302426,57.0,0.0020809958,45.0,121.33333333333333,68
ZSWIM9,0.26378407940479437,0.26378407940479437,158.0,0.0027911635155856247,68.0,0.00093089766,138.0,121.33333333333333,69
SAMD11,0.3055818005819099,0.3055818005819099,18.0,0.002434718830266467,93.0,0.00048210289,260.0,123.66666666666667,70
CEACAM1,-0.28883488384475053,0.28883488384475053,62.0,0.00196547232398423,142.0,0.00077807176,170.0,124.66666666666667,71
TAOK2,0.2454075473449965,0.2454075473449965,332.0,0.0037290405933875083,35.0,0.0051585636,10.0,125.66666666666667,72
MYEF2,0.2811702660072989,0.2811702660072989,75.0,0.0013018667205933717,261.0,0.0021343299,43.0,126.33333333333333,73
ZNF677,0.2534404611572793,0.2534404611572793,241.0,0.0026067610430910485,79.0,0.0017479109,60.0,126.66666666666667,74
ZNF821,0.27983705688622457,0.27983705688622457,82.0,0.001232787072600133,283.0,0.0037574884,17.0,127.33333333333333,75
NUBP2,0.2528624972844246,0.2528624972844246,245.0,0.0024655044327237096,91.0,0.0020545768,48.0,128.0,76
GPR137C,0.2952748143682937,0.2952748143682937,41.0,0.0024651362212358063,92.0,0.00050652865,255.0,129.33333333333334,77
BEND6,0.2652868828214904,0.2652868828214904,146.0,0.0017587949252506699,160.0,0.0014497963,83.0,129.66666666666666,78
RNF115,0.2772208650428277,0.2772208650428277,88.0,0.002984091097032223,54.0,0.00051331706,252.0,131.33333333333334,79
NREP,0.3061552534488334,0.3061552534488334,17.0,0.001541319660205838,203.0,0.00074803905,181.0,133.66666666666666,80
C16orf87,0.33505097094027736,0.33505097094027736,4.0,0.003092382355745243,46.0,0.00028378237,352.0,134.0,81
MELTF,-0.27099362718348713,0.27099362718348713,119.0,0.0022722967925884684,107.0,0.00076142506,176.0,134.0,82
MGA,0.251955010364564,0.251955010364564,255.0,0.002470942548273648,90.0,0.0017194621,62.0,135.66666666666666,83
KAT7,0.2629967243185875,0.2629967243185875,164.0,0.0017264417814159137,168.0,0.0015078199,78.0,136.66666666666666,84
GSTO1,-0.24848439644998163,0.24848439644998163,296.0,0.002643051632800481,76.0,0.0020667212,47.0,139.66666666666666,85
SMAD9,0.29307513404265145,0.29307513404265145,52.0,0.0020611064413120286,127.0,0.0005235739,245.0,141.33333333333334,86
ZNF346,0.2994259284409518,0.2994259284409518,27.0,0.0021832395708725762,112.0,0.00040731303,291.0,143.33333333333334,87
ZNF260,0.29179129205315435,0.29179129205315435,59.0,0.0027359613855381087,70.0,0.0003726232,308.0,145.66666666666666,88
TECTA,0.25243513442660914,0.25243513442660914,250.0,0.002292286887333981,105.0,0.0013952174,88.0,147.66666666666666,89
NUDT16L1,0.24466056325247465,0.24466056325247465,347.0,0.0029643991237573815,58.0,0.002089108,44.0,149.66666666666666,90
VASN,0.24811720989036007,0.24811720989036007,299.0,0.0029132121500759505,61.0,0.0013832045,90.0,150.0,91
MAP3K2,0.24632284774995009,0.24632284774995009,319.0,0.0023090979572144765,103.0,0.0026471685,30.0,150.66666666666666,92
ZFP30,0.29570784668072614,0.29570784668072614,39.0,0.004853437444000364,22.0,0.0001992805,400.0,153.66666666666666,93
NELL2,0.25737480454552436,0.25737480454552436,209.0,0.001988957879924532,138.0,0.0011304278,118.0,155.0,94
ADCY5,0.2598204302312795,0.2598204302312795,188.0,0.0013959628709885271,237.0,0.002240188,41.0,155.33333333333334,95
FLYWCH2,0.2412094030388021,0.2412094030388021,389.0,0.0028770684434479827,64.0,0.0038139815,15.0,156.0,96
SDC2,0.27676782885615,0.27676782885615,90.0,0.001698615131092988,181.0,0.0006672117,198.0,156.33333333333334,97
OSBPL3,-0.24486288961306155,0.24486288961306155,341.0,0.002238006405096775,110.0,0.002959384,27.0,159.33333333333334,98
KCNN4,-0.2507252266734475,0.2507252266734475,268.0,0.0020980693599652565,120.0,0.0013109592,95.0,161.0,99
ARID4B,0.2511594723283615,0.2511594723283615,264.0,0.0017212309205878748,170.0,0.0020320986,49.0,161.0,100
ETHE1,-0.2414162876407458,0.2414162876407458,384.0,0.0028765674909257363,65.0,0.0024979364,35.0,161.33333333333334,101
PLXDC1,0.2528440387977617,0.2528440387977617,246.0,0.0017266963746936984,167.0,0.0015680318,72.0,161.66666666666666,102
PBX1,0.28225561617079564,0.28225561617079564,74.0,0.0014519674725557642,221.0,0.0006725882,197.0,164.0,103
ARL3,0.2723249779166713,0.2723249779166713,110.0,0.0016336146012133046,191.0,0.00070353854,191.0,164.0,104
LMBRD2,0.2580309352364669,0.2580309352364669,206.0,0.002552544232633803,85.0,0.00064959534,201.0,164.0,105
SNAPIN,0.25846195310857933,0.25846195310857933,202.0,0.00210737174872212,118.0,0.0007707091,173.0,164.33333333333334,106
TMEM170B,0.2479241725836768,0.2479241725836768,302.0,0.0021925862891430006,111.0,0.0014813809,81.0,164.66666666666666,107
SUSD4,0.23927438807193321,0.23927438807193321,421.0,0.0030359017856069004,51.0,0.0031032627,25.0,165.66666666666666,108
THAP8,0.32466367745855207,0.32466367745855207,7.0,0.0013430956102043045,250.0,0.0005302962,243.0,166.66666666666666,109
TMSB15C,0.2738223069172712,0.2738223069172712,101.0,0.0020475444585440336,130.0,0.00043255798,280.0,170.33333333333334,110
TSPYL5,0.2499539248946869,0.2499539248946869,278.0,0.0025888110660587257,81.0,0.00083105953,155.0,171.33333333333334,111
PRSS33,-0.2514122821639522,0.2514122821639522,260.0,0.002564248361710613,84.0,0.0007766698,171.0,171.66666666666666,112
TSPYL4,0.27725920104787694,0.27725920104787694,87.0,0.001465200233061169,219.0,0.0005957924,216.0,174.0,113
LSM14A,0.25141967144063415,0.25141967144063415,259.0,0.0029665532294856096,56.0,0.00063125556,208.0,174.33333333333334,114
FRS2,0.23748089187319016,0.23748089187319016,444.0,0.00397559068326535,29.0,0.0019655684,51.0,174.66666666666666,115
CCDC167,0.2500262977660365,0.2500262977660365,275.0,0.0015080087930983263,210.0,0.0022628393,39.0,174.66666666666666,116
KIF1B,0.2644011147802403,0.2644011147802403,150.0,0.0020845332699171984,122.0,0.0005055225,256.0,176.0,117
ZNF444,0.2686271507696652,0.2686271507696652,132.0,0.0013283622791513583,255.0,0.0009100643,142.0,176.33333333333334,118
RBSN,0.28106942547939945,0.28106942547939945,76.0,0.0010721257311677053,335.0,0.0010992632,120.0,177.0,119
RAB38,-0.2676156190034161,0.2676156190034161,137.0,0.0017719731211843675,159.0,0.0005475522,235.0,177.0,120
FERMT1,-0.25887682148632957,0.25887682148632957,196.0,0.0016033962663604751,194.0,0.00090244936,143.0,177.66666666666666,121
SMARCC2,0.2746552602371983,0.2746552602371983,95.0,0.002431817829391911,94.0,0.0002976575,345.0,178.0,122
GTF3C1,0.266967829603449,0.266967829603449,140.0,0.001519422407234065,208.0,0.00071643287,189.0,179.0,123
KIAA0319,0.23563377796050067,0.23563377796050067,475.0,0.003894908351882191,32.0,0.0026461754,31.0,179.33333333333334,124
ALDH1A3,-0.2482002606917869,0.2482002606917869,298.0,0.0016762771688827892,185.0,0.001771232,57.0,180.0,125
INSYN1,0.2463646196209428,0.2463646196209428,318.0,0.0015877375470686472,196.0,0.0028322032,28.0,180.66666666666666,126
HECTD4,0.2774878938587533,0.2774878938587533,86.0,0.0013802549642498475,240.0,0.0005833006,220.0,182.0,127
WDR24,0.24002292160729916,0.24002292160729916,409.0,0.0030646772559995246,47.0,0.0012871469,97.0,184.33333333333334,128
GINM1,0.24290420392933174,0.24290420392933174,368.0,0.0024799851089338733,89.0,0.0012665902,99.0,185.33333333333334,129
ZNF253,0.2495105430981771,0.2495105430981771,286.0,0.0023059355363903656,104.0,0.0007833862,166.0,185.33333333333334,130
ZNF879,0.2614509277664422,0.2614509277664422,171.0,0.0014294544314202293,225.0,0.00080228085,163.0,186.33333333333334,131
PCDH1,-0.2505640596733243,0.2505640596733243,270.0,0.0017071457546644127,176.0,0.0011411044,115.0,187.0,132
INTS3,0.25641578095907547,0.25641578095907547,214.0,0.0013254723732921414,256.0,0.0013687317,91.0,187.0,133
ZNF273,0.26025694330932186,0.26025694330932186,183.0,0.0017918856284839394,157.0,0.00057772815,224.0,188.0,134
JADE1,0.30212952539403126,0.30212952539403126,24.0,0.0026759847044198746,75.0,7.9359466e-05,466.0,188.33333333333334,135
EMP1,-0.23610976167445696,0.23610976167445696,467.0,0.003281272176124127,42.0,0.0017486885,59.0,189.33333333333334,136
DCLK2,0.2799397669849454,0.2799397669849454,79.0,0.0007601805190995955,434.0,0.001774117,56.0,189.66666666666666,137
MAGED1,0.2757986886127685,0.2757986886127685,92.0,0.0022423976611839562,109.0,0.00024689586,372.0,191.0,138
PYGO2,0.25877748784383914,0.25877748784383914,197.0,0.0011199174102849078,320.0,0.0017667052,58.0,191.66666666666666,139
FBXO36,0.241591657000766,0.241591657000766,382.0,0.0017016866580807756,179.0,0.0037697682,16.0,192.33333333333334,140
ZNF33A,0.2436335968386089,0.2436335968386089,360.0,0.002617649259567646,78.0,0.0009276243,139.0,192.33333333333334,141
ZNF71,0.27191490633156223,0.27191490633156223,113.0,0.001340540799213853,251.0,0.000597103,215.0,193.0,142
ZNF737,0.26298513360380626,0.26298513360380626,165.0,0.0012637919803747003,273.0,0.00090184493,144.0,194.0,143
QRICH2,0.23823899672797677,0.23823899672797677,436.0,0.0025846041062647022,82.0,0.0016563565,65.0,194.33333333333334,144
RAP2B,-0.24258694585492338,0.24258694585492338,369.0,0.002372995486340655,102.0,0.001150456,112.0,194.33333333333334,145
DMAP1,0.2753323821595084,0.2753323821595084,94.0,0.0009828603853733744,362.0,0.0010681543,128.0,194.66666666666666,146
PALM,0.252175838800544,0.252175838800544,254.0,0.0016710518518852188,186.0,0.0008966104,145.0,195.0,147
ZNF682,0.29511389263006,0.29511389263006,43.0,0.0016824123959322613,182.0,0.00027539575,360.0,195.0,148
SOX12,0.29743947083895333,0.29743947083895333,35.0,0.002050525513350433,128.0,0.00015804172,423.0,195.33333333333334,149
PIP5K1A,0.2642795146262235,0.2642795146262235,154.0,0.0011006646821465477,323.0,0.0011861877,110.0,195.66666666666666,150
PRUNE1,0.29517687748465515,0.29517687748465515,42.0,0.0012072322395303538,290.0,0.00049324374,258.0,196.66666666666666,151
RWDD2A,0.2440096597920835,0.2440096597920835,354.0,0.0018138955572784725,151.0,0.0013312799,94.0,199.66666666666666,152
ELF2,0.2718011611195927,0.2718011611195927,114.0,0.0012591185560802748,276.0,0.00062093517,209.0,199.66666666666666,153
EFHD1,0.24668497959911562,0.24668497959911562,316.0,0.0026001853760047205,80.0,0.00064139784,204.0,200.0,154
ZNF500,0.25181665448062873,0.25181665448062873,256.0,0.0013241979934446753,258.0,0.0014020824,87.0,200.33333333333334,155
ZNF667,0.2651917799024209,0.2651917799024209,147.0,0.002778043543977156,69.0,0.0002284195,385.0,200.33333333333334,156
SLC26A11,0.2549171613235528,0.2549171613235528,224.0,0.0017440586657770602,163.0,0.0005925022,217.0,201.33333333333334,157
TTC3,0.2753486061167581,0.2753486061167581,93.0,0.0010377736931107748,349.0,0.00080372044,162.0,201.33333333333334,158
ZC3H10,0.24756654409326484,0.24756654409326484,307.0,0.0014667115098891319,218.0,0.0014469868,84.0,203.0,159
TGFB3,0.2843994543928495,0.2843994543928495,67.0,0.001360701234174848,245.0,0.0003900903,300.0,204.0,160
ZNF519,0.25325352188405553,0.25325352188405553,243.0,0.003050607076213849,48.0,0.00034156727,321.0,204.0,161
CAPN7,0.2384936482822506,0.2384936482822506,431.0,0.002082323999878061,123.0,0.0017218833,61.0,205.0,162
PRRT3,0.27424047308827604,0.27424047308827604,97.0,0.0023924745657404093,101.0,0.00016885191,418.0,205.33333333333334,163
ITGA2,-0.24608517635682975,0.24608517635682975,323.0,0.0017093603825030837,175.0,0.0010765292,125.0,207.66666666666666,164
AKAP5,0.2673241855826216,0.2673241855826216,138.0,0.0015792349967654958,198.0,0.00040752935,289.0,208.33333333333334,165
PRSS3,-0.239003929565705,0.239003929565705,427.0,0.004055212918348383,27.0,0.00077149953,172.0,208.66666666666666,166
ZNF181,0.2699294353297717,0.2699294353297717,125.0,0.0011582400068575797,306.0,0.0006880958,196.0,209.0,167
MAGED4B,0.27859526428623144,0.27859526428623144,84.0,0.0011574991719734513,307.0,0.00054298283,238.0,209.66666666666666,168
CPLANE1,0.26435555071505873,0.26435555071505873,152.0,0.0020158262897744905,135.0,0.00030055307,343.0,210.0,169
GSE1,0.24857470820945285,0.24857470820945285,293.0,0.0013720586137264178,242.0,0.0013033865,96.0,210.33333333333334,170
ZNF540,0.2619040041083737,0.2619040041083737,168.0,0.0018160002194386954,150.0,0.00035890494,314.0,210.66666666666666,171
ZNF607,0.2924393624592305,0.2924393624592305,56.0,0.0015037475980386327,212.0,0.00026873883,364.0,210.66666666666666,172
AR,0.25573855847524596,0.25573855847524596,219.0,0.0019674548162919897,141.0,0.0004539447,273.0,211.0,173
TTC28,0.2981629990846447,0.2981629990846447,31.0,0.0005929710738153174,477.0,0.0010742894,127.0,211.66666666666666,174
NPAS2,-0.2364374395095029,0.2364374395095029,461.0,0.00249010542845934,87.0,0.0013890901,89.0,212.33333333333334,175
KCTD2,0.2634102227833896,0.2634102227833896,162.0,0.0015054574848553605,211.0,0.0004754331,265.0,212.66666666666666,176
ZNF610,0.2691324579865949,0.2691324579865949,130.0,0.0012373792194669577,282.0,0.0005564244,231.0,214.33333333333334,177
ATP10B,-0.24627573106727407,0.24627573106727407,320.0,0.0019939978630148874,137.0,0.0007139278,190.0,215.66666666666666,178
TBC1D10B,0.26080628796132016,0.26080628796132016,176.0,0.001794638617816429,156.0,0.00035187427,316.0,216.0,179
MAFF,-0.2927126418086848,0.2927126418086848,54.0,0.0021333757569189636,116.0,4.7836336e-05,480.0,216.66666666666666,180
PCSK1N,0.24496047307000982,0.24496047307000982,340.0,0.0013973619102601565,236.0,0.0015623495,74.0,216.66666666666666,181
ZSCAN18,0.30659634625682286,0.30659634625682286,16.0,0.0012856531473978974,263.0,0.00024431534,374.0,217.66666666666666,182
BLOC1S5,0.24074283197861873,0.24074283197861873,399.0,0.0015607266409101285,201.0,0.0018371517,54.0,218.0,183
VPS45,0.3005869548198244,0.3005869548198244,25.0,0.0015690594561447498,200.0,0.00013906654,433.0,219.33333333333334,184
FAM168A,0.2740369791153931,0.2740369791153931,99.0,0.0012652069272770996,272.0,0.00039799325,296.0,222.33333333333334,185
ARHGAP35,0.23921655451736162,0.23921655451736162,422.0,0.0018972459031029458,146.0,0.0012658666,100.0,222.66666666666666,186
DNASE1,0.24056424680397578,0.24056424680397578,402.0,0.0017416876562795765,164.0,0.0012189263,103.0,223.0,187
S100PBP,0.2699003018754095,0.2699003018754095,127.0,0.0012769743551067005,267.0,0.0004515105,275.0,223.0,188
MAPT,0.26372019389664964,0.26372019389664964,159.0,0.0010728070304732796,334.0,0.00076076546,177.0,223.33333333333334,189
TNFRSF14,-0.2733652367292623,0.2733652367292623,106.0,0.0017049682879895383,178.0,0.00022719381,387.0,223.66666666666666,190
SMIM17,0.24104034598939791,0.24104034598939791,392.0,0.0020208934830157903,134.0,0.0008767638,148.0,224.66666666666666,191
INPP4B,-0.2535042881118116,0.2535042881118116,240.0,0.001213454442607156,288.0,0.00088550034,147.0,225.0,192
BARD1,0.23629267436405021,0.23629267436405021,462.0,0.0018923333079479963,148.0,0.001656111,66.0,225.33333333333334,193
ASF1A,0.25116564799845364,0.25116564799845364,263.0,0.0010498338717866678,345.0,0.001571015,71.0,226.33333333333334,194
COL17A1,-0.2491717540166139,0.2491717540166139,290.0,0.0013391136251360244,252.0,0.0009556475,137.0,226.33333333333334,195
C14orf132,0.2921633131077763,0.2921633131077763,58.0,0.0015112332624082811,209.0,0.0001843016,413.0,226.66666666666666,196
CXCL12,0.23571900435482895,0.23571900435482895,471.0,0.002264072684559213,108.0,0.0012534659,101.0,226.66666666666666,197
KRBA1,0.24226231378393695,0.24226231378393695,374.0,0.001423232073111572,227.0,0.0015011624,79.0,226.66666666666666,198
ANKRD52,0.25693956900430714,0.25693956900430714,211.0,0.0011230744441115277,319.0,0.0008429591,153.0,227.66666666666666,199
SLC12A5,0.2553166936190681,0.2553166936190681,223.0,0.0017984798204910024,154.0,0.00037574803,307.0,228.0,200
GOLM2,0.23591209947696298,0.23591209947696298,469.0,0.002701682740435466,72.0,0.00089202437,146.0,229.0,201
RHOT1,0.23662848201370376,0.23662848201370376,455.0,0.0021540744267115595,113.0,0.0010890972,122.0,230.0,202
PHF13,0.25631303317645543,0.25631303317645543,215.0,0.0018130620629566447,152.0,0.00033454745,325.0,230.66666666666666,203
NCOA1,0.266768887142719,0.266768887142719,141.0,0.001170974627927718,304.0,0.000515731,248.0,231.0,204
ZNF793,0.2937150100212678,0.2937150100212678,47.0,0.0010669897523746437,337.0,0.0003648716,312.0,232.0,205
ADAMTS2,0.235533863560182,0.235533863560182,478.0,0.0017356829427833903,166.0,0.0018979567,53.0,232.33333333333334,206
FBXO21,0.2540262508988057,0.2540262508988057,237.0,0.002138847169564284,115.0,0.00029667822,347.0,233.0,207
UNKL,0.2850170233973298,0.2850170233973298,66.0,0.0015232400145796933,205.0,0.00014949733,428.0,233.0,208
SEC61A2,0.26211730954369317,0.26211730954369317,167.0,0.001407311203642183,233.0,0.00038857068,301.0,233.66666666666666,209
ZNF250,0.29796729741499434,0.29796729741499434,32.0,0.001398721900354479,235.0,0.00013323178,436.0,234.33333333333334,210
MAPK9,0.23939756818986838,0.23939756818986838,417.0,0.0026769663424633418,74.0,0.00061387056,212.0,234.33333333333334,211
RSPH14,0.25011951260131093,0.25011951260131093,274.0,0.0013686125260109392,243.0,0.00072414405,188.0,235.0,212
USP49,0.2933633085701423,0.2933633085701423,49.0,0.0016456190000467674,188.0,6.0904757e-05,471.0,236.0,213
CCDC142,0.23547198733144856,0.23547198733144856,479.0,0.002426170112998399,98.0,0.0010332535,132.0,236.33333333333334,214
RARS2,0.24222362088798632,0.24222362088798632,375.0,0.0012774588230701268,266.0,0.0016391074,68.0,236.33333333333334,215
ZBTB5,0.2584640444335035,0.2584640444335035,201.0,0.0008943173410101517,389.0,0.0010902165,121.0,237.0,216
GPR89A,0.2500230755352742,0.2500230755352742,276.0,0.0017204714266688714,171.0,0.00047450652,266.0,237.66666666666666,217
ZKSCAN2,0.2542885363889734,0.2542885363889734,235.0,0.0007002635875426234,455.0,0.0032146643,24.0,238.0,218
WDR7,0.2632141624517967,0.2632141624517967,163.0,0.0013245702186156037,257.0,0.00039730212,297.0,239.0,219
MXD3,0.2637924847927015,0.2637924847927015,157.0,0.001490330496074129,214.0,0.00029698698,346.0,239.0,220
HCFC2,0.24504890151244277,0.24504890151244277,338.0,0.0014097007853616866,232.0,0.00086718786,150.0,240.0,221
ZMYM3,0.26187369283072476,0.26187369283072476,169.0,0.000990089434696586,358.0,0.00069446274,194.0,240.33333333333334,222
ZNF678,0.2439951499425196,0.2439951499425196,356.0,0.0017499186554099974,161.0,0.000638153,205.0,240.66666666666666,223
CEP89,0.2602811395870068,0.2602811395870068,180.0,0.001484363705218096,216.0,0.00031646795,332.0,242.66666666666666,224
NFYB,0.2543078173463616,0.2543078173463616,234.0,0.0011990876044066779,294.0,0.00065849605,200.0,242.66666666666666,225
ALMS1,0.29574001167390246,0.29574001167390246,38.0,0.001344798135161364,249.0,0.000121447345,443.0,243.33333333333334,226
GNMT,0.23532258565104439,0.23532258565104439,484.0,0.00190522216957557,145.0,0.0012328592,102.0,243.66666666666666,227
ZNF565,0.24413996732600127,0.24413996732600127,353.0,0.001575881373630568,199.0,0.0007509696,180.0,244.0,228
KPNA5,0.260843969126954,0.260843969126954,175.0,0.0016362204395559128,190.0,0.00025689995,367.0,244.0,229
ZFP82,0.27049082147732284,0.27049082147732284,124.0,0.002104074553818041,119.0,3.029422e-05,490.0,244.33333333333334,230
PIP4K2B,0.2642573311719259,0.2642573311719259,155.0,0.0011493531089716792,310.0,0.00044597025,277.0,247.33333333333334,231
ANO1,-0.24775041857825614,0.24775041857825614,305.0,0.0014210794432104525,229.0,0.00061694614,210.0,248.0,232
ZNF14,0.2684824664162606,0.2684824664162606,133.0,0.0007561444506482713,436.0,0.00075493404,179.0,249.33333333333334,233
ZNF892,0.2392897179739566,0.2392897179739566,420.0,0.0018055249170133747,153.0,0.0007557622,178.0,250.33333333333334,234
TXNDC16,0.2969761082339183,0.2969761082339183,36.0,0.0011735670439161202,303.0,0.00018619397,412.0,250.33333333333334,235
ZNF470,0.2678094713650539,0.2678094713650539,135.0,0.0009129937776768314,385.0,0.000555369,232.0,250.66666666666666,236
THTPA,0.25902771067511565,0.25902771067511565,194.0,0.001283869629220845,264.0,0.00039528657,298.0,252.0,237
USP30,0.261850523958863,0.261850523958863,170.0,0.0013042013965979433,260.0,0.00032718046,328.0,252.66666666666666,238
SEMA5B,0.254469113089816,0.254469113089816,230.0,0.001659614571092446,187.0,0.00029945944,344.0,253.66666666666666,239
TRIM37,0.26848104844673987,0.26848104844673987,134.0,0.0007705207572695186,428.0,0.0006595658,199.0,253.66666666666666,240
NEXMIF,0.256747261962334,0.256747261962334,212.0,0.00147179179962917,217.0,0.0003078375,338.0,255.66666666666666,241
TCN1,-0.2411321897652462,0.2411321897652462,390.0,0.002406007136633943,99.0,0.00043220093,281.0,256.6666666666667,242
ZNF606,0.26772750583893945,0.26772750583893945,136.0,0.0017169560598826797,172.0,8.699339e-05,463.0,257.0,243
MEX3B,0.2416319051174812,0.2416319051174812,381.0,0.0010916587862317747,327.0,0.0016964581,63.0,257.0,244
RLBP1,-0.24928841632724436,0.24928841632724436,289.0,0.0017395605315083614,165.0,0.00034397663,319.0,257.6666666666667,245
ZNF382,0.2508940261777476,0.2508940261777476,266.0,0.0011084011239779277,322.0,0.0007300678,187.0,258.3333333333333,246
USP13,0.24591998602022866,0.24591998602022866,325.0,0.0013519443415437203,247.0,0.0006435531,203.0,258.3333333333333,247
TRIM45,0.23952430062998897,0.23952430062998897,415.0,0.0014560497695394307,220.0,0.0009224344,140.0,258.3333333333333,248
ZNF566,0.26218065954800274,0.26218065954800274,166.0,0.0005518134182938187,488.0,0.0010763435,126.0,260.0,249
PDE6B,0.24967020692120567,0.24967020692120567,283.0,0.001957509008901421,143.0,0.0002801465,355.0,260.3333333333333,250
ZNF75A,0.2977480831610168,0.2977480831610168,34.0,0.0012085653097670926,289.0,9.525851e-05,458.0,260.3333333333333,251
STAU2,0.2380592867015207,0.2380592867015207,438.0,0.0034991781679496185,38.0,0.0003762231,306.0,260.6666666666667,252
SIX5,0.23427871311617454,0.23427871311617454,496.0,0.0017166983539923602,173.0,0.0011105547,119.0,262.6666666666667,253
EPS15L1,0.25746001205017416,0.25746001205017416,207.0,0.0010437474206711269,348.0,0.0005534901,234.0,263.0,254
ATP6V1G2,0.2399175711559875,0.2399175711559875,411.0,0.0011736809383314146,302.0,0.001486447,80.0,264.3333333333333,255
ZNF709,0.2932454003550874,0.2932454003550874,51.0,0.0010658651180092402,339.0,0.00019495157,404.0,264.6666666666667,256
ARHGAP33,0.2712458817325882,0.2712458817325882,115.0,0.001273563173998686,268.0,0.0001790194,415.0,266.0,257
TTC33,0.23957634048049312,0.23957634048049312,414.0,0.0016823620697451254,183.0,0.0006440323,202.0,266.3333333333333,258
IER3,-0.2376855823464387,0.2376855823464387,442.0,0.0020805399279044926,124.0,0.0005553391,233.0,266.3333333333333,259
EREG,-0.24074432710807925,0.24074432710807925,398.0,0.00170102372630256,180.0,0.00058026117,221.0,266.3333333333333,260
AS3MT,0.27202135863569044,0.27202135863569044,112.0,0.001288704071195257,262.0,0.0001548785,425.0,266.3333333333333,261
RUFY3,0.25443013441091483,0.25443013441091483,232.0,0.0012522527987072196,278.0,0.00040749388,290.0,266.6666666666667,262
ZNF497,0.23769001721125682,0.23769001721125682,441.0,0.001057444113404408,342.0,0.0033915183,19.0,267.3333333333333,263
SAC3D1,0.23798054257594942,0.23798054257594942,439.0,0.0014860130357142501,215.0,0.000855476,151.0,268.3333333333333,264
ZBTB22,0.2545029290303412,0.2545029290303412,229.0,0.0015199099313558005,207.0,0.00024749534,371.0,269.0,265
SEMA6C,0.2660501570603313,0.2660501570603313,144.0,0.0007449477558463532,440.0,0.0005701288,226.0,270.0,266
TAF11,0.2589854818250747,0.2589854818250747,195.0,0.0006834651448273032,459.0,0.0008188578,159.0,271.0,267
AIRIM,0.2614155726574043,0.2614155726574043,172.0,0.0007968358836565943,423.0,0.0005857788,218.0,271.0,268
ERI3,0.26439442579774414,0.26439442579774414,151.0,0.00092632458873455,377.0,0.0004165833,285.0,271.0,269
RIT1,0.2361630305107483,0.2361630305107483,464.0,0.001781238950490686,158.0,0.00069789187,192.0,271.3333333333333,270
NBPF1,0.25823250403071885,0.25823250403071885,204.0,0.0011571779511737983,308.0,0.0003834061,302.0,271.3333333333333,271
EIF4ENIF1,0.24729763945810682,0.24729763945810682,309.0,0.0010765277981836887,332.0,0.0007684068,174.0,271.6666666666667,272
ZNF569,0.27939157391727143,0.27939157391727143,83.0,0.0007340304242420186,448.0,0.00041443444,286.0,272.3333333333333,273
PHF21A,0.27989286746074427,0.27989286746074427,80.0,0.0013381250457686097,253.0,3.876007e-05,485.0,272.6666666666667,274
ZNF764,0.2979445372808911,0.2979445372808911,33.0,0.000999931389512349,355.0,0.00014107584,432.0,273.3333333333333,275
MAGED4,0.2950615440837268,0.2950615440837268,44.0,0.0006772991961324488,460.0,0.00035069245,317.0,273.6666666666667,276
ZNF2,0.2712438184555913,0.2712438184555913,116.0,0.0007701057122807035,429.0,0.00044947004,276.0,273.6666666666667,277
SCML2,0.2809694639272839,0.2809694639272839,77.0,0.0010274723998861474,350.0,0.0002039938,396.0,274.3333333333333,278
MTCL2,0.23933444510073698,0.23933444510073698,418.0,0.0014311182171207954,224.0,0.0007479037,182.0,274.6666666666667,279
DXO,0.2447101544704388,0.2447101544704388,345.0,0.0014218840723224811,228.0,0.0005106546,253.0,275.3333333333333,280
TSC2,0.2507224219470004,0.2507224219470004,269.0,0.0012507573314601234,279.0,0.00044430917,278.0,275.3333333333333,281
RNF228,0.24771185066581922,0.24771185066581922,306.0,0.0009763283514506562,364.0,0.0008274969,157.0,275.6666666666667,282
MAZ,0.29334057252300877,0.29334057252300877,50.0,0.0010270498632430842,351.0,0.00015292184,426.0,275.6666666666667,283
IPO13,0.24893919874659604,0.24893919874659604,292.0,0.0011978820194748746,295.0,0.000536688,240.0,275.6666666666667,284
FNDC5,0.2524088978298472,0.2524088978298472,251.0,0.0018398014193461876,149.0,0.00014119784,431.0,277.0,285
FOXO6,0.2739417056368228,0.2739417056368228,100.0,0.0010850008664618795,328.0,0.00019483516,405.0,277.6666666666667,286
ZNF354C,0.2420285366872427,0.2420285366872427,377.0,0.0018930322752238131,147.0,0.0003701174,310.0,278.0,287
PIAS3,0.235582285516386,0.235582285516386,476.0,0.0017160674208682024,174.0,0.0007416413,185.0,278.3333333333333,288
HIPK1,0.29284255845290713,0.29284255845290713,53.0,0.0008205442447815459,416.0,0.0002558019,368.0,279.0,289
PRCC,0.24530629036466137,0.24530629036466137,334.0,0.0012814143281787227,265.0,0.00054012187,239.0,279.3333333333333,290
CAMK1D,0.24995259343022064,0.24995259343022064,279.0,0.001394648521476742,238.0,0.00033487903,324.0,280.3333333333333,291
CBX5,0.2805647171107067,0.2805647171107067,78.0,0.0009113023878984157,386.0,0.00023899616,379.0,281.0,292
CACFD1,0.24653338709849795,0.24653338709849795,317.0,0.0016312624987395161,192.0,0.0003118986,335.0,281.3333333333333,293
HSD17B6,0.23571215086347957,0.23571215086347957,472.0,0.0020394036413205834,132.0,0.0005356524,242.0,282.0,294
METTL22,0.24573978668386828,0.24573978668386828,329.0,0.0012621150923561562,275.0,0.00052949117,244.0,282.6666666666667,295
RNF40,0.24585485603278004,0.24585485603278004,327.0,0.0021100491702866066,117.0,0.00019471183,406.0,283.3333333333333,296
SALL2,0.29958585593150555,0.29958585593150555,26.0,0.0007411919163055225,443.0,0.00023214352,383.0,284.0,297
C5orf34,0.24947498077682778,0.24947498077682778,288.0,0.0011966261449483805,296.0,0.00046770685,270.0,284.6666666666667,298
CYP46A1,0.24575966404865618,0.24575966404865618,328.0,0.0015226443275558085,206.0,0.00033982538,322.0,285.3333333333333,299
MAPK7,0.2581968970547105,0.2581968970547105,205.0,0.000736816905131373,445.0,0.00063165464,207.0,285.6666666666667,300
SLC35E2B,0.24441488369072892,0.24441488369072892,349.0,0.0012227130211550307,286.0,0.000578071,223.0,286.0,301
CBX1,0.23911075579054397,0.23911075579054397,425.0,0.0011799361797240281,299.0,0.00095889304,136.0,286.6666666666667,302
NBPF12,0.24532935461977906,0.24532935461977906,333.0,0.0009887249760943484,361.0,0.0007828526,168.0,287.3333333333333,303
ZNF287,0.26027027771624844,0.26027027771624844,181.0,0.0009892875284976176,360.0,0.0003358209,323.0,288.0,304
TUBA1A,0.27374447171276584,0.27374447171276584,104.0,0.0006063642517408969,474.0,0.0004099409,287.0,288.3333333333333,305
AREG,-0.2408626971323121,0.2408626971323121,396.0,0.001174863985793869,301.0,0.0007783898,169.0,288.6666666666667,306
ZNF417,0.24519007291235287,0.24519007291235287,336.0,0.0009399470509386915,372.0,0.0008213074,158.0,288.6666666666667,307
ZNF461,0.2556734956049698,0.2556734956049698,220.0,0.000858629222116603,404.0,0.0005200399,247.0,290.3333333333333,308
TCF4,0.258365967878633,0.258365967878633,203.0,0.0010590314955674493,340.0,0.00032663235,329.0,290.6666666666667,309
ZNF669,0.29539851975175263,0.29539851975175263,40.0,0.0009204372175102664,383.0,0.00010987955,451.0,291.3333333333333,310
SLC29A4,0.27376930231571495,0.27376930231571495,103.0,0.0007534447221658251,437.0,0.00030913114,337.0,292.3333333333333,311
MAML1,0.2649122706931828,0.2649122706931828,148.0,0.0013635395194206766,244.0,3.173559e-05,486.0,292.6666666666667,312
MFAP4,0.241461919979407,0.241461919979407,383.0,0.0016232613037472376,193.0,0.00037816027,304.0,293.3333333333333,313
MYO9A,0.260636393238925,0.260636393238925,177.0,0.001406946542392472,234.0,6.442602e-05,470.0,293.6666666666667,314
HSF2,0.27203902887132536,0.27203902887132536,111.0,0.0009246512261481199,378.0,0.00021563163,394.0,294.3333333333333,315
FAM120C,0.2555953091213564,0.2555953091213564,222.0,0.0013093745787712062,259.0,0.00019565907,403.0,294.6666666666667,316
CBX2,0.23980619317705745,0.23980619317705745,412.0,0.0009654070895425609,365.0,0.0011878728,108.0,295.0,317
ZNF184,0.253366380356322,0.253366380356322,242.0,0.001066844591102323,338.0,0.00037808678,305.0,295.0,318
ZNF483,0.23699057652783684,0.23699057652783684,450.0,0.0011384938929962524,314.0,0.0010829938,123.0,295.6666666666667,319
ZNF415,0.2645060429914299,0.2645060429914299,149.0,0.0006709254717098276,462.0,0.00044051255,279.0,296.6666666666667,320
ZNF853,0.260243370918638,0.260243370918638,184.0,0.0013563085582206597,246.0,8.764118e-05,462.0,297.3333333333333,321
VAMP2,0.25855520225762374,0.25855520225762374,200.0,0.000641760204976119,467.0,0.00056681054,228.0,298.3333333333333,322
APPBP2,0.28853281461992236,0.28853281461992236,63.0,0.0008845025429391185,395.0,0.00013189946,437.0,298.3333333333333,323
ASAP3,0.25481755754010604,0.25481755754010604,226.0,0.0007438320422676645,442.0,0.0005675165,227.0,298.3333333333333,324
PXMP2,0.2502787218645712,0.2502787218645712,273.0,0.0017055657003704108,177.0,0.00011276683,446.0,298.6666666666667,325
GSTA4,0.2467337595113914,0.2467337595113914,315.0,0.0011251813311598012,318.0,0.00047634428,264.0,299.0,326
ZNF236,0.24502331657328613,0.24502331657328613,339.0,0.000762643414742024,432.0,0.0010505733,130.0,300.3333333333333,327
SETBP1,0.2360588876061652,0.2360588876061652,468.0,0.002097442338015381,121.0,0.00035984314,313.0,300.6666666666667,328
GUCY1B1,0.24516294414739404,0.24516294414739404,337.0,0.001347855566160621,248.0,0.00034799142,318.0,301.0,329
ZNF844,0.24364875814075684,0.24364875814075684,359.0,0.0012561320611117598,277.0,0.0004667659,271.0,302.3333333333333,330
SPTBN4,0.24709855367535366,0.24709855367535366,311.0,0.0017982190886391596,155.0,0.00012291002,442.0,302.6666666666667,331
TATDN2,0.23565190506400863,0.23565190506400863,474.0,0.0017480659334620256,162.0,0.00045564113,272.0,302.6666666666667,332
ZNF594,0.23612086621229758,0.23612086621229758,465.0,0.0013750908653176422,241.0,0.000632246,206.0,304.0,333
SRSF12,0.2597083528053243,0.2597083528053243,189.0,0.0008456393001412976,412.0,0.0003585211,315.0,305.3333333333333,334
BRPF3,0.23518813681720308,0.23518813681720308,485.0,0.0016792073525021816,184.0,0.000515622,249.0,306.0,335
KATNAL2,0.23705712297255752,0.23705712297255752,448.0,0.0010475156677383268,347.0,0.0010771094,124.0,306.3333333333333,336
LDOC1,0.2452071644914764,0.2452071644914764,335.0,0.0014137490622647586,230.0,0.00027991497,356.0,307.0,337
ZNF17,0.24373229566348184,0.24373229566348184,358.0,0.0010755900139944826,333.0,0.00055905257,230.0,307.0,338
KLHDC3,0.2597046065210864,0.2597046065210864,190.0,0.0012630391395196767,274.0,9.018338e-05,460.0,308.0,339
PRR3,0.2523734755331661,0.2523734755331661,252.0,0.000721364622627995,451.0,0.0005799972,222.0,308.3333333333333,340
TTLL7,0.24126137084424057,0.24126137084424057,387.0,0.0012241021938238083,285.0,0.0005083608,254.0,308.6666666666667,341
NSL1,0.23807240945741967,0.23807240945741967,437.0,0.0013888839328343179,239.0,0.00051495444,250.0,308.6666666666667,342
C1QL1,0.2707927910929667,0.2707927910929667,120.0,0.0009827423795552956,363.0,0.00011891154,445.0,309.3333333333333,343
HS3ST1,-0.24961471584076145,0.24961471584076145,284.0,0.0011521967502479066,309.0,0.00030774056,339.0,310.6666666666667,344
ZNF568,0.27988787222123046,0.27988787222123046,81.0,0.0007503595401310806,438.0,0.0001815211,414.0,311.0,345
CREBBP,0.27344935804447495,0.27344935804447495,105.0,0.000812367039248643,418.0,0.00018747916,411.0,311.3333333333333,346
TMBIM1,-0.24709624315140064,0.24709624315140064,312.0,0.0006770821784227399,461.0,0.0007951865,164.0,312.3333333333333,347
TAF9B,0.23645223356600167,0.23645223356600167,458.0,0.0022848000960387993,106.0,0.00024633735,373.0,312.3333333333333,348
ZNF570,0.2467884528380818,0.2467884528380818,313.0,0.0008351245232623615,414.0,0.0005989066,213.0,313.3333333333333,349
KRBA2,0.2497742654692874,0.2497742654692874,280.0,0.0009652875740472466,366.0,0.00040210597,294.0,313.3333333333333,350
ZNF711,0.25935190003824665,0.25935190003824665,192.0,0.0006482746972578248,465.0,0.00042828498,284.0,313.6666666666667,351
DPYSL5,0.25708442288494004,0.25708442288494004,210.0,0.0009214819942215968,382.0,0.00029535886,349.0,313.6666666666667,352
ZNF708,0.2343193555405184,0.2343193555405184,495.0,0.0013376608831898252,254.0,0.0006948945,193.0,314.0,353
BRINP1,0.24797201838629562,0.24797201838629562,301.0,0.001047677206722237,346.0,0.00039818077,295.0,314.0,354
CSTPP1,0.24674141848700867,0.24674141848700867,314.0,0.0010772916583254198,331.0,0.0003908384,299.0,314.6666666666667,355
ZNF304,0.24003026072333294,0.24003026072333294,408.0,0.0015850075469344244,197.0,0.00030756852,340.0,315.0,356
TMEFF2,0.26361338571940646,0.26361338571940646,160.0,0.0007785038925900343,425.0,0.00027328022,362.0,315.6666666666667,357
MAGEH1,0.26063417492745367,0.26063417492745367,178.0,0.0004200306963037233,500.0,0.00046836596,269.0,315.6666666666667,358
CCDC74B,0.24245601053861607,0.24245601053861607,371.0,0.0014256039903188045,226.0,0.00028050746,354.0,317.0,359
TAB2,0.23569412954214553,0.23569412954214553,473.0,0.0010781742525859288,330.0,0.00087377534,149.0,317.3333333333333,360
STXBP4,0.23643942881647503,0.23643942881647503,460.0,0.001176234241704334,300.0,0.0006936882,195.0,318.3333333333333,361
TMEM178B,0.23467351573530035,0.23467351573530035,493.0,0.002801201001320859,67.0,0.00020261003,398.0,319.3333333333333,362
GJB1,-0.24248767889692555,0.24248767889692555,370.0,0.0019771596685615785,140.0,0.000111530004,450.0,320.0,363
RAB11FIP3,0.27110565657116625,0.27110565657116625,118.0,0.0007104259640399314,454.0,0.00022300732,390.0,320.6666666666667,364
FTO,0.2560898009482111,0.2560898009482111,218.0,0.0008722603522698916,402.0,0.00030441603,342.0,320.6666666666667,365
HLTF,0.23904122925657126,0.23904122925657126,426.0,0.0010256590611449556,352.0,0.0007371101,186.0,321.3333333333333,366
RNF187,0.2420309783296225,0.2420309783296225,376.0,0.0011922002981044713,297.0,0.0004065368,292.0,321.6666666666667,367
MAP1A,0.2372522844327231,0.2372522844327231,446.0,0.0007312171514768468,449.0,0.0015826136,70.0,321.6666666666667,368
MLLT11,0.26058334247276266,0.26058334247276266,179.0,0.0011336417362583125,315.0,5.7667232e-05,475.0,323.0,369
ZNF829,0.24612559606332918,0.24612559606332918,322.0,0.0012070580617111785,292.0,0.00027621636,358.0,324.0,370
PPOX,0.23833121642085733,0.23833121642085733,433.0,0.0011452636300394012,313.0,0.00056425633,229.0,325.0,371
TADA1,0.24110355324219898,0.24110355324219898,391.0,0.0010926340891155668,326.0,0.0004792013,262.0,326.3333333333333,372
SRP9,0.2596388961493442,0.2596388961493442,191.0,0.0010528716634263817,344.0,0.00011949554,444.0,326.3333333333333,373
SMIM10L2B,0.2692826111257441,0.2692826111257441,129.0,0.0008740211009430428,401.0,0.000111666595,449.0,326.3333333333333,374
USP37,0.25858909161136734,0.25858909161136734,199.0,0.0008772983627245196,400.0,0.00023717154,381.0,326.6666666666667,375
CSRNP2,0.24949961440094148,0.24949961440094148,287.0,0.0008488489084939835,411.0,0.0004294121,283.0,327.0,376
ASH1L,0.25616442513730564,0.25616442513730564,217.0,0.0011463471712574002,312.0,0.000100251054,454.0,327.6666666666667,377
MATR3,0.2391380743282018,0.2391380743282018,424.0,0.0008550682151802576,407.0,0.00084864127,152.0,327.6666666666667,378
TBC1D24,0.23645096080525488,0.23645096080525488,459.0,0.0012728631382933461,270.0,0.00050397654,257.0,328.6666666666667,379
SPIN1,0.260852212942904,0.260852212942904,174.0,0.00057775841606338,482.0,0.00031218646,334.0,330.0,380
IL1A,-0.2402780376741118,0.2402780376741118,404.0,0.001214107481165045,287.0,0.00038007155,303.0,331.3333333333333,381
DIXDC1,0.24185478534159863,0.24185478534159863,378.0,0.0009283827037715953,375.0,0.00053620664,241.0,331.3333333333333,382
MRGPRX4,-0.25860372569022444,0.25860372569022444,198.0,0.0009952177649732354,357.0,0.00012691403,440.0,331.6666666666667,383
FAM171A2,0.29590688641755036,0.29590688641755036,37.0,0.0006473449009512986,466.0,1.8194465e-05,494.0,332.3333333333333,384
RRAGB,0.24999282824124822,0.24999282824124822,277.0,0.0008896935063021664,391.0,0.00031819413,330.0,332.6666666666667,385
ZNF491,0.260262625279413,0.260262625279413,182.0,0.0007373963017791687,444.0,0.00024410493,375.0,333.6666666666667,386
RC3H2,0.24594337683404063,0.24594337683404063,324.0,0.0008892073836664684,393.0,0.00040889045,288.0,335.0,387
SP4,0.26429846887891034,0.26429846887891034,153.0,0.0009473959599184542,370.0,4.248852e-05,482.0,335.0,388
CITED2,0.23544642371126137,0.23544642371126137,481.0,0.0020252291493860564,133.0,0.00021590205,393.0,335.6666666666667,389
POGZ,0.2762196155833253,0.2762196155833253,91.0,0.000776677266549976,426.0,1.5963451e-05,497.0,338.0,390
ZMYM4,0.23876974013325197,0.23876974013325197,429.0,0.0005105858979559221,494.0,0.0013465442,93.0,338.6666666666667,391
ZYG11B,0.2711438996788803,0.2711438996788803,117.0,0.0008056930370080866,421.0,5.3082145e-05,478.0,338.6666666666667,392
DCLRE1B,0.24089509974630827,0.24089509974630827,395.0,0.0008817726566726515,397.0,0.0005709915,225.0,339.0,393
BTF3L4,0.24006341607460835,0.24006341607460835,407.0,0.0015279376307488115,204.0,0.0001927743,408.0,339.6666666666667,394
MTNAP1,0.25374711488636736,0.25374711488636736,239.0,0.0010563684579021869,343.0,0.0001280992,439.0,340.3333333333333,395
RTF1,0.2522503326157377,0.2522503326157377,253.0,0.0011803747928407818,298.0,6.0255814e-05,472.0,341.0,396
FAM220A,0.24325370948966846,0.24325370948966846,364.0,0.0012732465928956473,269.0,0.00022296433,391.0,341.3333333333333,397
NEURL1B,0.23544192300299546,0.23544192300299546,482.0,0.0017214435439452298,169.0,0.0002440141,376.0,342.3333333333333,398
BCL2L14,-0.2397557451807264,0.2397557451807264,413.0,0.0007608458973360805,433.0,0.0007431311,183.0,343.0,399
KAT6B,0.23532882991513704,0.23532882991513704,483.0,0.0020419769388185117,131.0,0.00017709829,416.0,343.3333333333333,400
ZNF43,0.2497346330890462,0.2497346330890462,281.0,0.0009899871200110494,359.0,0.00021711446,392.0,344.0,401
HDAC6,0.25744413586172166,0.25744413586172166,208.0,0.0010242265860754126,354.0,6.0177234e-05,473.0,345.0,402
TLCD5,0.23546547856100872,0.23546547856100872,480.0,0.0015888641313686887,195.0,0.0002740525,361.0,345.3333333333333,403
TNRC6C,0.24388161403057748,0.24388161403057748,357.0,0.0011304342153497088,317.0,0.00025300897,369.0,347.6666666666667,404
GNAZ,0.24954788167654224,0.24954788167654224,285.0,0.0010807797149239027,329.0,0.00014151355,430.0,348.0,405
ZNF517,0.2454131799479942,0.2454131799479942,331.0,0.0007570407759236351,435.0,0.00043051154,282.0,349.3333333333333,406
CRMP1,0.2448558923331786,0.2448558923331786,342.0,0.0004519965900255572,498.0,0.00061426806,211.0,350.3333333333333,407
CTDSPL2,0.25999801485004465,0.25999801485004465,187.0,0.0007347624410572968,446.0,0.00016699273,420.0,351.0,408
PIK3R3,0.25114659905749437,0.25114659905749437,265.0,0.0012060694904203592,293.0,1.1014751e-05,498.0,352.0,409
ZRANB1,0.24039618103055074,0.24039618103055074,403.0,0.0008526238846594296,408.0,0.0005204246,246.0,352.3333333333333,410
ZNF625,0.24557902476172666,0.24557902476172666,330.0,0.0005844694476679675,479.0,0.00051488925,251.0,353.3333333333333,411
GDF6,0.24453729535404814,0.24453729535404814,348.0,0.0008116490653125846,419.0,0.00040297574,293.0,353.3333333333333,412
RPRD2,0.25565461155834907,0.25565461155834907,221.0,0.0009241720368132199,380.0,8.955186e-05,461.0,354.0,413
GALNT16,0.23662834178287206,0.23662834178287206,456.0,0.0008825888743073108,396.0,0.0005985883,214.0,355.3333333333333,414
SPRR2D,-0.24085358650945227,0.24085358650945227,397.0,0.0011491180326589257,311.0,0.00027561147,359.0,355.6666666666667,415
ZNF691,0.2471739549248883,0.2471739549248883,310.0,0.0007642015889093933,431.0,0.00033103768,327.0,356.0,416
YPEL1,0.24852672617491398,0.24852672617491398,295.0,0.000940643668601291,371.0,0.00019613052,402.0,356.0,417
RND2,0.23941100928671838,0.23941100928671838,416.0,0.0009152059846253091,384.0,0.00047190447,268.0,356.0,418
THAP3,0.2343575974208574,0.2343575974208574,494.0,0.0009963924223897465,356.0,0.0005844306,219.0,356.3333333333333,419
ZNF724,0.2474771729903976,0.2474771729903976,308.0,0.0008488805176515424,410.0,0.0002848622,351.0,356.3333333333333,420
TAOK1,0.23664626436101843,0.23664626436101843,454.0,0.0007109294373468747,453.0,0.0007833216,167.0,358.0,421
NIPAL1,-0.2370037705873923,0.2370037705873923,449.0,0.0011321261170234014,316.0,0.00037174782,309.0,358.0,422
FGFR1,0.24345745456151777,0.24345745456151777,361.0,0.0012422680106196338,280.0,0.00013790945,434.0,358.3333333333333,423
KANSL3,0.2706839646917903,0.2706839646917903,121.0,0.0005340650902833319,492.0,6.564362e-05,468.0,360.3333333333333,424
ZNF776,0.2504927598855085,0.2504927598855085,272.0,0.0006907142897041555,457.0,0.00028371176,353.0,360.6666666666667,425
VCF2,0.25155333449364076,0.25155333449364076,258.0,0.0009358516241101879,373.0,9.883852e-05,456.0,362.3333333333333,426
SBK1,0.2496840588719956,0.2496840588719956,282.0,0.0010244663372714765,353.0,0.000103436825,453.0,362.6666666666667,427
PLEKHO1,0.25262617512784286,0.25262617512784286,249.0,0.000590770953281186,478.0,0.0002715993,363.0,363.3333333333333,428
MYL6B,0.2547976581031129,0.2547976581031129,227.0,0.0008187690383115298,417.0,0.000105521875,452.0,365.3333333333333,429
ARL14,-0.25444624136332683,0.25444624136332683,231.0,0.0009220284128548742,381.0,4.03261e-05,484.0,365.3333333333333,430
TCERG1L,0.23890628717375412,0.23890628717375412,428.0,0.0014317829390884304,223.0,0.0001118212,447.0,366.0,431
TMEM65,0.23409459020610351,0.23409459020610351,500.0,0.0015563871645776239,202.0,0.00019911713,401.0,367.6666666666667,432
DVL3,0.24122509789438454,0.24122509789438454,388.0,0.0008573465990976157,406.0,0.00036823808,311.0,368.3333333333333,433
PKD1,0.24293199528024118,0.24293199528024118,367.0,0.0008504916298260448,409.0,0.0003165858,331.0,369.0,434
ZNF263,0.24855365569300816,0.24855365569300816,294.0,0.0010958803705726863,325.0,2.262816e-05,491.0,370.0,435
MEX3A,0.24905597765860019,0.24905597765860019,291.0,0.0006214089111256029,470.0,0.00029425276,350.0,370.3333333333333,436
ZFHX2,0.23501266845877017,0.23501266845877017,486.0,0.0008918128359456039,390.0,0.0005474214,236.0,370.6666666666667,437
ALKBH5,0.2527273394040205,0.2527273394040205,247.0,0.0006907556409147857,456.0,0.00018784382,410.0,371.0,438
GJB4,-0.2518105394358108,0.2518105394358108,257.0,0.0006890236244580225,458.0,0.00020003384,399.0,371.3333333333333,439
TMEFF1,0.26726873392064654,0.26726873392064654,139.0,0.0004860395820907904,496.0,4.1929667e-05,483.0,372.6666666666667,440
ADGRB2,0.252679652227094,0.252679652227094,248.0,0.000534188071453028,491.0,0.00023758909,380.0,373.0,441
ZNF571,0.2480527642364144,0.2480527642364144,300.0,0.0005184476323222752,493.0,0.00033199743,326.0,373.0,442
OSBPL11,0.23470853333008382,0.23470853333008382,491.0,0.0012379096512001038,281.0,0.00029604696,348.0,373.3333333333333,443
ZNF580,0.24064906606939757,0.24064906606939757,401.0,0.0007136107335982229,452.0,0.0004738265,267.0,373.3333333333333,444
SAMD1,0.2350097159238738,0.2350097159238738,487.0,0.0006100938211798495,473.0,0.00080736977,161.0,373.6666666666667,445
SIRT1,0.24024319429617025,0.24024319429617025,405.0,0.0014380385163725795,222.0,1.7052198e-05,495.0,374.0,446
EVL,0.2548222488123687,0.2548222488123687,225.0,0.0008386664457084506,413.0,3.110433e-05,488.0,375.3333333333333,447
NOVA1,0.23842036766675503,0.23842036766675503,432.0,0.0014123690822466083,231.0,8.582414e-05,465.0,376.0,448
IQCC,0.2432793527462145,0.2432793527462145,363.0,0.0008816545735484595,398.0,0.00024958007,370.0,377.0,449
ZNF420,0.25383391365025065,0.25383391365025065,238.0,0.0005684578232171925,486.0,0.0001931143,407.0,377.0,450
FIZ1,0.2371040410887406,0.2371040410887406,447.0,0.0007965482771680515,424.0,0.00048079502,261.0,377.3333333333333,451
THAP9,0.24001314983031866,0.24001314983031866,410.0,0.0011637443178573324,305.0,0.00016890356,417.0,377.3333333333333,452
FAM156A,0.24293437131600296,0.24293437131600296,366.0,0.0009335556368049272,374.0,0.00020579706,395.0,378.3333333333333,453
UBQLN2,0.24101605142400842,0.24101605142400842,393.0,0.0012071289430997515,291.0,9.3693256e-05,459.0,381.0,454
ULK1,0.24169969479990663,0.24169969479990663,380.0,0.001057734481927966,341.0,0.00015794642,424.0,381.6666666666667,455
POU6F1,0.24787589156706402,0.24787589156706402,303.0,0.0007752142635104111,427.0,0.00016860204,419.0,383.0,456
DOK6,0.23472471657072275,0.23472471657072275,488.0,0.0010996976858597862,324.0,0.00030589258,341.0,384.3333333333333,457
CDAN1,0.2365799258679639,0.2365799258679639,457.0,0.0007976007113802183,422.0,0.00045225155,274.0,384.3333333333333,458
GRK4,0.2401966306899105,0.2401966306899105,406.0,0.0012717561515222448,271.0,3.1586773e-05,487.0,388.0,459
FBXO42,0.24242250246265504,0.24242250246265504,372.0,0.0005842033323341361,480.0,0.00034317613,320.0,390.6666666666667,460
ZFP28,0.24483571715056188,0.24483571715056188,343.0,0.0006550490132062744,463.0,0.000261199,366.0,390.6666666666667,461
TRO,0.24299828309392538,0.24299828309392538,365.0,0.0005955964618666959,476.0,0.00031053467,336.0,392.3333333333333,462
NUMBL,0.2458884054579357,0.2458884054579357,326.0,0.0005630770236759463,487.0,0.0002641868,365.0,392.6666666666667,463
PRR36,0.24185117575839674,0.24185117575839674,379.0,0.000869678316534019,403.0,0.00020336892,397.0,393.0,464
PRRC2B,0.23853831166704356,0.23853831166704356,430.0,0.0012290284728059167,284.0,6.84031e-05,467.0,393.6666666666667,465
POGK,0.2447090679057259,0.2447090679057259,346.0,0.0010692734485187596,336.0,0.0,499.0,393.6666666666667,466
MEAF6,0.24234380644825837,0.24234380644825837,373.0,0.0009569103821083296,368.0,0.00012405413,441.0,394.0,467
SLC22A17,0.2375221178418128,0.2375221178418128,443.0,0.0005490772841400057,489.0,0.00049234316,259.0,397.0,468
IRAK1BP1,0.23424205199719475,0.23424205199719475,497.0,0.0011160703499446438,321.0,0.00023936949,378.0,398.6666666666667,469
DCAKD,0.2357344032992966,0.2357344032992966,470.0,0.0009543689164499729,369.0,0.00027652967,357.0,398.6666666666667,470
ZNF529,0.23746913204711043,0.23746913204711043,445.0,0.0005383387416598505,490.0,0.0004791492,263.0,399.3333333333333,471
ZNF471,0.25409095028629153,0.25409095028629153,236.0,0.0006183679799289726,471.0,1.6970132e-05,496.0,401.0,472
NTN3,0.24334536656981956,0.24334536656981956,362.0,0.0008068093234280773,420.0,0.00015888338,422.0,401.3333333333333,473
CCP110,0.24481004990816094,0.24481004990816094,344.0,0.0008785281678217741,399.0,8.602218e-05,464.0,402.3333333333333,474
ZNF527,0.24425384145921863,0.24425384145921863,351.0,0.0005991063546665943,475.0,0.00022764705,386.0,404.0,475
MYEOV,-0.23619811622182235,0.23619811622182235,463.0,0.0009603603639644935,367.0,0.00022992982,384.0,404.6666666666667,476
PCNT,0.24618862135853928,0.24618862135853928,321.0,0.0005838984539769221,481.0,0.00014765085,429.0,410.3333333333333,477
SCMH1,0.24414803986088174,0.24414803986088174,352.0,0.0009023830340776606,387.0,2.2546526e-05,492.0,410.3333333333333,478
NAP1L3,0.2412947197152191,0.2412947197152191,386.0,0.0006237606314084529,469.0,0.00024394879,377.0,410.6666666666667,479
SPEG,0.23829154153683077,0.23829154153683077,435.0,0.0009268561825181278,376.0,0.00014979437,427.0,412.6666666666667,480
RAB23,0.23691532894207398,0.23691532894207398,451.0,0.0009246243767652467,379.0,0.00019008746,409.0,413.0,481
GATAD2B,0.24399923871037837,0.24399923871037837,355.0,0.0008265254308366604,415.0,4.5192213e-05,481.0,417.0,482
ZNF567,0.2409911985097694,0.2409911985097694,394.0,0.0005711938208851504,484.0,0.00023600116,382.0,420.0,483
TMEM179,0.23785283809933697,0.23785283809933697,440.0,0.0008969546742553933,388.0,0.00013359307,435.0,421.0,484
RBM4B,0.23919030643926661,0.23919030643926661,423.0,0.0008896824941269929,392.0,9.535871e-05,457.0,424.0,485
SETD1A,0.23470045250181812,0.23470045250181812,492.0,0.0007247312321106743,450.0,0.00031619024,333.0,425.0,486
MSI1,0.24139329783124513,0.24139329783124513,385.0,0.0006502854269741008,464.0,0.00013083965,438.0,429.0,487
RBBP4,0.23830533615461255,0.23830533615461255,434.0,0.0006181357535279538,472.0,0.00022652891,388.0,431.3333333333333,488
TRIM51,-0.2477654713258407,0.2477654713258407,304.0,0.0004821715162339864,497.0,0.0,499.0,433.3333333333333,489
KIAA1958,0.2443953621716425,0.2443953621716425,350.0,0.0005708391154703921,485.0,5.526793e-05,477.0,437.3333333333333,490
UBTF,0.24070052869577432,0.24070052869577432,400.0,0.0006387113465571118,468.0,9.975738e-05,455.0,441.0,491
WNK3,0.23416890248710942,0.23416890248710942,498.0,0.0008582296091304349,405.0,0.00016300123,421.0,441.3333333333333,492
ZNF322,0.23930695733623644,0.23930695733623644,419.0,0.0007494343549487025,439.0,5.861302e-05,474.0,444.0,493
GPR27,0.23674887009178594,0.23674887009178594,453.0,0.0007449125385010645,441.0,0.00011178984,448.0,447.3333333333333,494
APLP1,0.2347154253750203,0.2347154253750203,490.0,0.0008866495176262539,394.0,5.5546476e-05,476.0,453.3333333333333,495
AGO1,0.2341524998719602,0.2341524998719602,499.0,0.0005776653716754155,483.0,0.00022547418,389.0,457.0,496
PPP2R5D,0.23684350041509739,0.23684350041509739,452.0,0.0007676608105464619,430.0,1.9664314e-05,493.0,458.3333333333333,497
CEP97,0.2347225377577949,0.2347225377577949,489.0,0.0007344636845115176,447.0,4.853917e-05,479.0,471.6666666666667,498
ZNF445,0.23554205347283322,0.23554205347283322,477.0,0.0004311513648004431,499.0,6.487047e-05,469.0,481.6666666666667,499
CPN1,-0.23611467783285803,0.23611467783285803,466.0,0.0005062564899734205,495.0,3.0813342e-05,489.0,483.3333333333333,500
