Gene,RF_Importance
ITGA6,0.05979861540576507
CLSTN2,0.05426814366393144
SH3TC2,0.024674020178833207
ETV4,0.011930517257792438
MED29,0.01016131559907823
TIGD7,0.008515984549259404
DIP2C,0.007354900341230626
SPRY4,0.007341706507399904
UBFD1,0.007040834730533549
RASL10B,0.007022454486528178
LYSMD1,0.006827015439712704
ANXA2R,0.006766700081264597
GADD45G,0.00651382851884362
DUSP6,0.006406572454829019
GPR156,0.0062447738011766575
ZNF248,0.005844408765279364
DNAH10OS,0.0058125394977838465
SYNC,0.005451034076497961
PTOV1,0.005248041163342294
DNAJB4,0.005116985111503161
CCDC127,0.00489997990862421
ZFP30,0.004853437444000364
PHLDA1,0.0045908730437063195
TMEM25,0.004494721606075514
ZNF730,0.004449878917008492
PLEKHG4B,0.004103726859406103
PRSS3,0.004055212918348383
PTPRH,0.004048572112263063
FRS2,0.00397559068326535
UCHL1,0.003910409347431742
ARHGAP44,0.0039006396350603494
KIAA0319,0.003894908351882191
DLG2,0.003889838661997381
ZNF93,0.003754629203829707
TAOK2,0.0037290405933875083
ZNF347,0.003667112130115579
ARNT,0.0035096717188750006
STAU2,0.0034991781679496185
CAND2,0.003491274029123987
FOSL1,0.0033380037201983306
ANKS3,0.0033303894040049614
EMP1,0.003281272176124127
FECH,0.0032395203500683646
ZFP3,0.003178111143429149
FAM110B,0.0031001942900300244
C16orf87,0.003092382355745243
WDR24,0.0030646772559995246
ZNF519,0.003050607076213849
GEMIN2,0.0030452453880753807
EML1,0.003042067567308958
SUSD4,0.0030359017856069004
BBOF1,0.0030218578533490444
CCDC117,0.0030191450946098217
RNF115,0.002984091097032223
MBP,0.0029689075702561156
LSM14A,0.0029665532294856096
GDF15,0.0029651466661302426
NUDT16L1,0.0029643991237573815
CASTOR2,0.002942898910798303
ANKRD13C,0.002914557968423751
VASN,0.0029132121500759505
DNAAF8,0.002908596056175698
REEP1,0.0029020914668185295
FLYWCH2,0.0028770684434479827
ETHE1,0.0028765674909257363
FANCC,0.0028606469954048017
TMEM178B,0.002801201001320859
ZSWIM9,0.0027911635155856247
ZNF667,0.002778043543977156
ZNF260,0.0027359613855381087
FMN1,0.002723840422413771
GOLM2,0.002701682740435466
ERCC4,0.0026849278482077668
MAPK9,0.0026769663424633418
JADE1,0.0026759847044198746
GSTO1,0.002643051632800481
GPR173,0.002634293495905645
ZNF33A,0.002617649259567646
ZNF677,0.0026067610430910485
EFHD1,0.0026001853760047205
TSPYL5,0.0025888110660587257
QRICH2,0.0025846041062647022
CMTM7,0.0025795988809143877
PRSS33,0.002564248361710613
LMBRD2,0.002552544232633803
GKAP1,0.0025306049629076365
NPAS2,0.00249010542845934
NXPE3,0.0024856397728071837
GINM1,0.0024799851089338733
MGA,0.002470942548273648
NUBP2,0.0024655044327237096
GPR137C,0.0024651362212358063
SAMD11,0.002434718830266467
SMARCC2,0.002431817829391911
ZNF736,0.002431454892787113
SNAP47,0.002426662834828692
RHBDL3,0.0024266096633336915
CCDC142,0.002426170112998399
TCN1,0.002406007136633943
CPE,0.0023935455461380185
PRRT3,0.0023924745657404093
RAP2B,0.002372995486340655
MAP3K2,0.0023090979572144765
ZNF253,0.0023059355363903656
TECTA,0.002292286887333981
TAF9B,0.0022848000960387993
MELTF,0.0022722967925884684
CXCL12,0.002264072684559213
MAGED1,0.0022423976611839562
OSBPL3,0.002238006405096775
TMEM170B,0.0021925862891430006
ZNF346,0.0021832395708725762
RHOT1,0.0021540744267115595
FXYD5,0.0021500286309157845
FBXO21,0.002138847169564284
MAFF,0.0021333757569189636
RNF40,0.0021100491702866066
SNAPIN,0.00210737174872212
ZFP82,0.002104074553818041
KCNN4,0.0020980693599652565
SETBP1,0.002097442338015381
KIF1B,0.0020845332699171984
CAPN7,0.002082323999878061
IER3,0.0020805399279044926
LHX2,0.0020667995297964066
SLC37A2,0.002064061177611681
SMAD9,0.0020611064413120286
SOX12,0.002050525513350433
IFT122,0.0020477640698192716
TMSB15C,0.0020475444585440336
KAT6B,0.0020419769388185117
HSD17B6,0.0020394036413205834
CITED2,0.0020252291493860564
SMIM17,0.0020208934830157903
CPLANE1,0.0020158262897744905
ZNF680,0.0020009918696468195
ATP10B,0.0019939978630148874
NELL2,0.001988957879924532
HMGA1,0.0019813661541254446
GJB1,0.0019771596685615785
AR,0.0019674548162919897
CEACAM1,0.00196547232398423
PDE6B,0.001957509008901421
ZNF48,0.0019500495978385525
GNMT,0.00190522216957557
ARHGAP35,0.0018972459031029458
ZNF354C,0.0018930322752238131
BARD1,0.0018923333079479963
FNDC5,0.0018398014193461876
ZNF540,0.0018160002194386954
RWDD2A,0.0018138955572784725
PHF13,0.0018130620629566447
ZNF892,0.0018055249170133747
SLC12A5,0.0017984798204910024
SPTBN4,0.0017982190886391596
TBC1D10B,0.001794638617816429
ZNF273,0.0017918856284839394
RIT1,0.001781238950490686
RAB38,0.0017719731211843675
BEND6,0.0017587949252506699
ZNF678,0.0017499186554099974
TATDN2,0.0017480659334620256
SLC26A11,0.0017440586657770602
DNASE1,0.0017416876562795765
RLBP1,0.0017395605315083614
ADAMTS2,0.0017356829427833903
PLXDC1,0.0017266963746936984
KAT7,0.0017264417814159137
NEURL1B,0.0017214435439452298
ARID4B,0.0017212309205878748
GPR89A,0.0017204714266688714
ZNF606,0.0017169560598826797
SIX5,0.0017166983539923602
PIAS3,0.0017160674208682024
ITGA2,0.0017093603825030837
PCDH1,0.0017071457546644127
PXMP2,0.0017055657003704108
TNFRSF14,0.0017049682879895383
FBXO36,0.0017016866580807756
EREG,0.00170102372630256
SDC2,0.001698615131092988
ZNF682,0.0016824123959322613
TTC33,0.0016823620697451254
BRPF3,0.0016792073525021816
ALDH1A3,0.0016762771688827892
PALM,0.0016710518518852188
SEMA5B,0.001659614571092446
USP49,0.0016456190000467674
RAB33B,0.0016414795084353797
KPNA5,0.0016362204395559128
ARL3,0.0016336146012133046
CACFD1,0.0016312624987395161
MFAP4,0.0016232613037472376
FERMT1,0.0016033962663604751
TLCD5,0.0015888641313686887
INSYN1,0.0015877375470686472
ZNF304,0.0015850075469344244
AKAP5,0.0015792349967654958
ZNF565,0.001575881373630568
VPS45,0.0015690594561447498
BLOC1S5,0.0015607266409101285
TMEM65,0.0015563871645776239
NREP,0.001541319660205838
BTF3L4,0.0015279376307488115
UNKL,0.0015232400145796933
CYP46A1,0.0015226443275558085
ZBTB22,0.0015199099313558005
GTF3C1,0.001519422407234065
C14orf132,0.0015112332624082811
CCDC167,0.0015080087930983263
KCTD2,0.0015054574848553605
ZNF607,0.0015037475980386327
ZNF135,0.0014984274928979936
MXD3,0.001490330496074129
SAC3D1,0.0014860130357142501
CEP89,0.001484363705218096
NEXMIF,0.00147179179962917
ZC3H10,0.0014667115098891319
TSPYL4,0.001465200233061169
TRIM45,0.0014560497695394307
PBX1,0.0014519674725557642
SIRT1,0.0014380385163725795
TCERG1L,0.0014317829390884304
MTCL2,0.0014311182171207954
ZNF879,0.0014294544314202293
CCDC74B,0.0014256039903188045
KRBA1,0.001423232073111572
DXO,0.0014218840723224811
ANO1,0.0014210794432104525
LDOC1,0.0014137490622647586
NOVA1,0.0014123690822466083
HCFC2,0.0014097007853616866
SEC61A2,0.001407311203642183
MYO9A,0.001406946542392472
ZNF250,0.001398721900354479
PCSK1N,0.0013973619102601565
ADCY5,0.0013959628709885271
CAMK1D,0.001394648521476742
NSL1,0.0013888839328343179
HECTD4,0.0013802549642498475
ZNF594,0.0013750908653176422
GSE1,0.0013720586137264178
RSPH14,0.0013686125260109392
MAML1,0.0013635395194206766
TGFB3,0.001360701234174848
ZNF853,0.0013563085582206597
USP13,0.0013519443415437203
GUCY1B1,0.001347855566160621
ALMS1,0.001344798135161364
THAP8,0.0013430956102043045
ZNF71,0.001340540799213853
COL17A1,0.0013391136251360244
PHF21A,0.0013381250457686097
ZNF708,0.0013376608831898252
ZNF444,0.0013283622791513583
INTS3,0.0013254723732921414
WDR7,0.0013245702186156037
ZNF500,0.0013241979934446753
FAM120C,0.0013093745787712062
USP30,0.0013042013965979433
MYEF2,0.0013018667205933717
AS3MT,0.001288704071195257
ZSCAN18,0.0012856531473978974
THTPA,0.001283869629220845
PRCC,0.0012814143281787227
RARS2,0.0012774588230701268
S100PBP,0.0012769743551067005
ARHGAP33,0.001273563173998686
FAM220A,0.0012732465928956473
TBC1D24,0.0012728631382933461
GRK4,0.0012717561515222448
FAM168A,0.0012652069272770996
ZNF737,0.0012637919803747003
KLHDC3,0.0012630391395196767
METTL22,0.0012621150923561562
ELF2,0.0012591185560802748
ZNF844,0.0012561320611117598
RUFY3,0.0012522527987072196
TSC2,0.0012507573314601234
FGFR1,0.0012422680106196338
OSBPL11,0.0012379096512001038
ZNF610,0.0012373792194669577
ZNF821,0.001232787072600133
PRRC2B,0.0012290284728059167
TTLL7,0.0012241021938238083
SLC35E2B,0.0012227130211550307
IL1A,0.001214107481165045
INPP4B,0.001213454442607156
ZNF75A,0.0012085653097670926
PRUNE1,0.0012072322395303538
UBQLN2,0.0012071289430997515
ZNF829,0.0012070580617111785
PIK3R3,0.0012060694904203592
NFYB,0.0011990876044066779
IPO13,0.0011978820194748746
C5orf34,0.0011966261449483805
RNF187,0.0011922002981044713
RTF1,0.0011803747928407818
CBX1,0.0011799361797240281
STXBP4,0.001176234241704334
AREG,0.001174863985793869
ATP6V1G2,0.0011736809383314146
TXNDC16,0.0011735670439161202
NCOA1,0.001170974627927718
THAP9,0.0011637443178573324
ZNF181,0.0011582400068575797
MAGED4B,0.0011574991719734513
NBPF1,0.0011571779511737983
HS3ST1,0.0011521967502479066
PIP4K2B,0.0011493531089716792
SPRR2D,0.0011491180326589257
ASH1L,0.0011463471712574002
PPOX,0.0011452636300394012
ZNF483,0.0011384938929962524
MLLT11,0.0011336417362583125
NIPAL1,0.0011321261170234014
TNRC6C,0.0011304342153497088
GSTA4,0.0011251813311598012
ANKRD52,0.0011230744441115277
PYGO2,0.0011199174102849078
IRAK1BP1,0.0011160703499446438
ZNF382,0.0011084011239779277
PIP5K1A,0.0011006646821465477
DOK6,0.0010996976858597862
ZNF263,0.0010958803705726863
TADA1,0.0010926340891155668
MEX3B,0.0010916587862317747
FOXO6,0.0010850008664618795
GNAZ,0.0010807797149239027
TAB2,0.0010781742525859288
CSTPP1,0.0010772916583254198
EIF4ENIF1,0.0010765277981836887
ZNF17,0.0010755900139944826
MAPT,0.0010728070304732796
RBSN,0.0010721257311677053
POGK,0.0010692734485187596
ZNF793,0.0010669897523746437
ZNF184,0.001066844591102323
ZNF709,0.0010658651180092402
TCF4,0.0010590314955674493
ULK1,0.001057734481927966
ZNF497,0.001057444113404408
MTNAP1,0.0010563684579021869
SRP9,0.0010528716634263817
ASF1A,0.0010498338717866678
BRINP1,0.001047677206722237
KATNAL2,0.0010475156677383268
EPS15L1,0.0010437474206711269
TTC3,0.0010377736931107748
SCML2,0.0010274723998861474
MAZ,0.0010270498632430842
HLTF,0.0010256590611449556
SBK1,0.0010244663372714765
HDAC6,0.0010242265860754126
ZNF764,0.000999931389512349
THAP3,0.0009963924223897465
MRGPRX4,0.0009952177649732354
ZMYM3,0.000990089434696586
ZNF43,0.0009899871200110494
ZNF287,0.0009892875284976176
NBPF12,0.0009887249760943484
DMAP1,0.0009828603853733744
C1QL1,0.0009827423795552956
RNF228,0.0009763283514506562
CBX2,0.0009654070895425609
KRBA2,0.0009652875740472466
MYEOV,0.0009603603639644935
MEAF6,0.0009569103821083296
DCAKD,0.0009543689164499729
SP4,0.0009473959599184542
YPEL1,0.000940643668601291
ZNF417,0.0009399470509386915
VCF2,0.0009358516241101879
FAM156A,0.0009335556368049272
DIXDC1,0.0009283827037715953
SPEG,0.0009268561825181278
ERI3,0.00092632458873455
HSF2,0.0009246512261481199
RAB23,0.0009246243767652467
RPRD2,0.0009241720368132199
ARL14,0.0009220284128548742
DPYSL5,0.0009214819942215968
ZNF669,0.0009204372175102664
RND2,0.0009152059846253091
ZNF470,0.0009129937776768314
CBX5,0.0009113023878984157
SCMH1,0.0009023830340776606
TMEM179,0.0008969546742553933
ZBTB5,0.0008943173410101517
ZFHX2,0.0008918128359456039
RRAGB,0.0008896935063021664
RBM4B,0.0008896824941269929
RC3H2,0.0008892073836664684
APLP1,0.0008866495176262539
APPBP2,0.0008845025429391185
GALNT16,0.0008825888743073108
DCLRE1B,0.0008817726566726515
IQCC,0.0008816545735484595
CCP110,0.0008785281678217741
USP37,0.0008772983627245196
SMIM10L2B,0.0008740211009430428
FTO,0.0008722603522698916
PRR36,0.000869678316534019
ZNF461,0.000858629222116603
WNK3,0.0008582296091304349
DVL3,0.0008573465990976157
MATR3,0.0008550682151802576
ZRANB1,0.0008526238846594296
PKD1,0.0008504916298260448
ZNF724,0.0008488805176515424
CSRNP2,0.0008488489084939835
SRSF12,0.0008456393001412976
EVL,0.0008386664457084506
ZNF570,0.0008351245232623615
GATAD2B,0.0008265254308366604
HIPK1,0.0008205442447815459
MYL6B,0.0008187690383115298
CREBBP,0.000812367039248643
GDF6,0.0008116490653125846
NTN3,0.0008068093234280773
ZYG11B,0.0008056930370080866
CDAN1,0.0007976007113802183
AIRIM,0.0007968358836565943
FIZ1,0.0007965482771680515
TMEFF2,0.0007785038925900343
POGZ,0.000776677266549976
POU6F1,0.0007752142635104111
TRIM37,0.0007705207572695186
ZNF2,0.0007701057122807035
PPP2R5D,0.0007676608105464619
ZNF691,0.0007642015889093933
ZNF236,0.000762643414742024
BCL2L14,0.0007608458973360805
DCLK2,0.0007601805190995955
ZNF517,0.0007570407759236351
ZNF14,0.0007561444506482713
SLC29A4,0.0007534447221658251
ZNF568,0.0007503595401310806
ZNF322,0.0007494343549487025
SEMA6C,0.0007449477558463532
GPR27,0.0007449125385010645
ASAP3,0.0007438320422676645
SALL2,0.0007411919163055225
ZNF491,0.0007373963017791687
MAPK7,0.000736816905131373
CTDSPL2,0.0007347624410572968
CEP97,0.0007344636845115176
ZNF569,0.0007340304242420186
MAP1A,0.0007312171514768468
SETD1A,0.0007247312321106743
PRR3,0.000721364622627995
ZNF580,0.0007136107335982229
TAOK1,0.0007109294373468747
RAB11FIP3,0.0007104259640399314
ZKSCAN2,0.0007002635875426234
ALKBH5,0.0006907556409147857
ZNF776,0.0006907142897041555
GJB4,0.0006890236244580225
TAF11,0.0006834651448273032
MAGED4,0.0006772991961324488
TMBIM1,0.0006770821784227399
ZNF415,0.0006709254717098276
ZFP28,0.0006550490132062744
MSI1,0.0006502854269741008
ZNF711,0.0006482746972578248
FAM171A2,0.0006473449009512986
VAMP2,0.000641760204976119
UBTF,0.0006387113465571118
NAP1L3,0.0006237606314084529
MEX3A,0.0006214089111256029
ZNF471,0.0006183679799289726
RBBP4,0.0006181357535279538
SAMD1,0.0006100938211798495
TUBA1A,0.0006063642517408969
ZNF527,0.0005991063546665943
TRO,0.0005955964618666959
TTC28,0.0005929710738153174
PLEKHO1,0.000590770953281186
ZNF625,0.0005844694476679675
FBXO42,0.0005842033323341361
PCNT,0.0005838984539769221
SPIN1,0.00057775841606338
AGO1,0.0005776653716754155
ZNF567,0.0005711938208851504
KIAA1958,0.0005708391154703921
ZNF420,0.0005684578232171925
NUMBL,0.0005630770236759463
ZNF566,0.0005518134182938187
SLC22A17,0.0005490772841400057
ZNF529,0.0005383387416598505
ADGRB2,0.000534188071453028
KANSL3,0.0005340650902833319
ZNF571,0.0005184476323222752
ZMYM4,0.0005105858979559221
CPN1,0.0005062564899734205
TMEFF1,0.0004860395820907904
TRIM51,0.0004821715162339864
CRMP1,0.0004519965900255572
ZNF445,0.0004311513648004431
MAGEH1,0.0004200306963037233
